timepoint,global_bold
0,427.03540451513334
1,470.44698545273627
2,214.20138540551028
3,354.53365759265967
4,297.6836015173008
5,320.0813115954767
6,381.1601213813577
