timepoint,global_bold
0,668.1637521256415
1,884.8434826807652
2,316.30223007308354
3,659.8800829482196
4,421.6504050505365
5,430.1444636541752
6,701.106706291401
